{
  "bleu": 5.325005988471416,
  "spbleu": 3.042804103366036,
  "meteor": 0.2224927826851061,
  "rouge1": 0.14050401728267348,
  "rouge2": 0.051709856897603886,
  "rougeL": 0.13587964928132923,
  "rougeLsum": 0.1368828443186152,
  "chrf": 30.823753987894026,
  "bertscore_precision": 0.7527967229073227,
  "bertscore_recall": 0.7507209231848774,
  "bertscore_f1": 0.7515597901796635,
  "comet": -0.14095021880382724
}