{
  "bleu": 7.9997527524501475,
  "spbleu": 6.120919501149046,
  "meteor": 0.309373136863668,
  "rouge1": 0.3761311337399282,
  "rouge2": 0.1238852107701216,
  "rougeL": 0.3064737609393524,
  "rougeLsum": 0.30693687077406856,
  "chrf": 31.12504918359777,
  "bertscore_precision": 0.8953018371059961,
  "bertscore_recall": 0.8884998638874928,
  "bertscore_f1": 0.8917864832011136,
  "comet": -0.10638513346570783
}