{
  "bleu": 4.494079102607077,
  "spbleu": 2.601805086456611,
  "meteor": 0.19841239958241613,
  "rouge1": 0.25173150781240855,
  "rouge2": 0.09805547460466102,
  "rougeL": 0.24898961123780516,
  "rougeLsum": 0.24794906437139203,
  "chrf": 27.166308350549773,
  "bertscore_precision": 0.7323026032447815,
  "bertscore_recall": 0.7294044516086579,
  "bertscore_f1": 0.7306453385353089,
  "comet": -0.285344331568107
}