{
  "bleu": 6.230240858117824,
  "spbleu": 5.26480789843411,
  "meteor": 0.2644602970202503,
  "rouge1": 0.3348547172737728,
  "rouge2": 0.09896716581566539,
  "rougeL": 0.2702457119308631,
  "rougeLsum": 0.2704152711086665,
  "chrf": 28.62096801169495,
  "bertscore_precision": 0.8827501395940781,
  "bertscore_recall": 0.8586670340299606,
  "bertscore_f1": 0.8703238053321838,
  "comet": -0.1391887797843665
}